age_scaled,salary_scaled,gender_Female,gender_Male,target
-1.15082989569219,-1.2122258557808974,0.0,1.0,1
-0.5555730530927813,-0.4991518229686048,1.0,0.0,0
0.039683789506627536,0.0,0.0,1.0,1
0.6349406321060364,0.9269962426559804,1.0,0.0,0
-0.7936757901325447,-0.855688839374751,0.0,1.0,1
1.8254543173048539,1.6400702754682728,1.0,0.0,0
